{"Recall": 0.11743515850144093, "Precision": 0.09990806006742262, "F1": 0.10796489485014076}