{"Recall": 0.002161383285302594, "Precision": 0.6, "F1": 0.004307250538406317}