{"Recall": 0.5118876080691642, "Precision": 0.3493975903614458, "F1": 0.41531492035656875}