{"Recall": 0.5043227665706052, "Precision": 0.3998857469294487, "F1": 0.44607296479209807}