{"Recall": 0.4520893371757925, "Precision": 0.9691119691119691, "F1": 0.6165561287153034}