{"Recall": 0.5032420749279539, "Precision": 0.40352397458116696, "F1": 0.4478999679384418}