{"Recall": 0.1304034582132565, "Precision": 0.08158665765156638, "F1": 0.10037432413697492}