{"Recall": 0.14265129682997119, "Precision": 0.11389128559102675, "F1": 0.12665920358228053}