{"Recall": 0.5140489913544669, "Precision": 0.3477095516569201, "F1": 0.41482558139534886}