{"Recall": 0.454971181556196, "Precision": 0.8925795053003533, "F1": 0.602720114531138}