{"Recall": 0.007204610951008645, "Precision": 0.08849557522123894, "F1": 0.013324450366422384}