{"Recall": 0.4499279538904899, "Precision": 0.9719844357976654, "F1": 0.6151194287121398}