{"Recall": 0.00792507204610951, "Precision": 0.12154696132596685, "F1": 0.014879945891105851}