{"Recall": 0.4564121037463977, "Precision": 0.9069434502505369, "F1": 0.6072369997603643}