{"Recall": 0.15706051873198848, "Precision": 0.09215810610864511, "F1": 0.11615825229785534}